Layer,Time_Offset,Target_Timestep,Component,Metric_Mode,Logit_Score,Posteriors_Score,Target_Transition_Prior,Target_String_Prior,Target_Logit,Wrong_Transition_Prior,Wrong_String_Prior,Wrong_Logit,Actual_Argmax_Prior,Actual_String_Prior,Actual_Argmax_Logit,Target_Transition_Post,Target_String_Post,Target_Prob,Wrong_Transition_Post,Wrong_String_Post,Wrong_Prob,Actual_Transition_Post,actual_String_Post,actual_Prob,Is_Target_Logit_Argmax,Is_Target_Prob_Argmax,Should_Decode,Global_MSE_Change,New_String
0,0,64,head_1,degradation,1.0205078125,1.0321447849273682,807,AGGACC,4.40625,1818,CCGGTG,4.87109375,1818,CCGGTG,4.87109375,807,AGGACC,0.008549179881811142,1818,CCGGTG,0.012632743455469608,1608,CCAACG,0.08607521653175354,False,False,True,-0.0019456446170806885,AGGCGGCAGCCCGCACGCAGGCAAAGCCAACG
0,1,64,head_1,degradation,1.013671875,1.011512041091919,807,AGGACC,4.41796875,1818,CCGGTG,4.87890625,1818,CCGGTG,4.87890625,807,AGGACC,0.008555877022445202,1818,CCGGTG,0.0124310702085495,1608,CCAACG,0.08764484524726868,False,False,True,-2.4721026420593262e-05,AGGCGGCAGCCCGCACGCAGGCAAAGCCAACG
0,2,64,head_1,degradation,0.9931640625,1.004982352256775,807,AGGACC,4.4296875,1818,CCGGTG,4.87890625,1818,CCGGTG,4.87890625,807,AGGACC,0.008604602888226509,1818,CCGGTG,0.012413852848112583,1608,CCAACG,0.0877440869808197,False,False,True,0.0021161437034606934,AGGCGGCAGCCCGCACGCAGGCAAAGCCAACG
0,3,64,head_1,degradation,1.0,0.9995855689048767,807,AGGACC,4.43359375,1818,CCGGTG,4.88671875,1818,CCGGTG,4.88671875,807,AGGACC,0.008586755953729153,1818,CCGGTG,0.012341503985226154,1608,CCAACG,0.08790614455938339,False,False,True,0.002666085958480835,AGGCGGCAGCCCGCACGCAGGCAAAGCCAACG
0,4,64,head_1,degradation,0.986328125,0.9956681132316589,807,AGGACC,4.4296875,1818,CCGGTG,4.875,1818,CCGGTG,4.875,807,AGGACC,0.008565356954932213,1818,CCGGTG,0.012280541472136974,1608,CCAACG,0.08769778162240982,False,False,True,0.002501741051673889,AGGCGGCAGCCCGCACGCAGGCAAAGCCAACG
0,5,64,head_1,degradation,1.0068359375,1.004679560661316,807,AGGACC,4.41796875,1818,CCGGTG,4.875,1818,CCGGTG,4.875,807,AGGACC,0.008540302515029907,1818,CCGGTG,0.012346494942903519,1608,CCAACG,0.0895189642906189,False,False,True,0.0010463148355484009,AGGCGGCAGCCCGCACGCAGGCAAAGCCAACG
1,0,64,head_1,degradation,0.986328125,0.9684587121009827,807,AGGACC,4.4296875,1818,CCGGTG,4.875,1818,CCGGTG,4.875,807,AGGACC,0.008690930902957916,1818,CCGGTG,0.012131326831877232,1608,CCAACG,0.08703632652759552,False,False,True,-0.0004333704710006714,AGGCGGCAGCCCGCACGCAGGCAAAGCCAACG
1,1,64,head_1,degradation,0.986328125,0.9736167192459106,807,AGGACC,4.4296875,1818,CCGGTG,4.875,1818,CCGGTG,4.875,807,AGGACC,0.008631975390017033,1818,CCGGTG,0.012124462984502316,1608,CCAACG,0.08751429617404938,False,False,True,-0.0007593780755996704,AGGCGGCAGCCCGCACGCAGGCAAAGCCAACG
1,2,64,head_1,degradation,0.9794921875,0.9787103533744812,807,AGGACC,4.4375,1818,CCGGTG,4.87890625,1818,CCGGTG,4.87890625,807,AGGACC,0.0085665388032794,1818,CCGGTG,0.012110467068850994,1608,CCAACG,0.08773263543844223,False,False,True,-0.0011683851480484009,AGGCGGCAGCCCGCACGCAGGCAAAGCCAACG
1,3,64,head_1,degradation,1.0,0.9897565245628357,807,AGGACC,4.421875,1818,CCGGTG,4.875,1818,CCGGTG,4.875,807,AGGACC,0.008597190491855145,1818,CCGGTG,0.012252673506736755,1608,CCAACG,0.08798610419034958,False,False,True,-0.000985860824584961,AGGCGGCAGCCCGCACGCAGGCAAAGCCAACG
1,4,64,head_1,degradation,1.0,0.9927794337272644,807,AGGACC,4.42578125,1818,CCGGTG,4.87890625,1818,CCGGTG,4.87890625,807,AGGACC,0.008584997616708279,1818,CCGGTG,0.012271009385585785,1608,CCAACG,0.08758826553821564,False,False,True,-0.0005340725183486938,AGGCGGCAGCCCGCACGCAGGCAAAGCCAACG
1,5,64,head_1,degradation,0.958984375,0.950095534324646,807,AGGACC,4.4453125,1818,CCGGTG,4.875,1818,CCGGTG,4.875,807,AGGACC,0.008689193055033684,1818,CCGGTG,0.011944139376282692,1608,CCAACG,0.08777371048927307,False,False,True,-0.0005200505256652832,AGGCGGCAGCCCGCACGCAGGCAAAGCCAACG
2,0,64,head_1,degradation,1.02734375,1.0296578407287598,807,AGGACC,4.41015625,1818,CCGGTG,4.87890625,1818,CCGGTG,4.87890625,807,AGGACC,0.008506634272634983,1818,CCGGTG,0.012565082870423794,1608,CCAACG,0.08716833591461182,False,False,True,0.0009941905736923218,AGGCGGCAGCCCGCACGCAGGCAAAGCCAACG
2,1,64,head_1,degradation,1.0205078125,1.031943917274475,807,AGGACC,4.421875,1818,CCGGTG,4.88671875,1818,CCGGTG,4.88671875,807,AGGACC,0.008560688234865665,1818,CCGGTG,0.012642224319279194,1608,CCAACG,0.08750699460506439,False,False,True,0.0004074275493621826,AGGCGGCAGCCCGCACGCAGGCAAAGCCAACG
2,2,64,head_1,degradation,1.0205078125,1.0222913026809692,807,AGGACC,4.4296875,1818,CCGGTG,4.89453125,1818,CCGGTG,4.89453125,807,AGGACC,0.008535133674740791,1818,CCGGTG,0.012519188225269318,1608,CCAACG,0.0873136967420578,False,False,True,0.0014638453722000122,AGGCGGCAGCCCGCACGCAGGCAAAGCCAACG
2,3,64,head_1,degradation,1.0068359375,1.0072001218795776,807,AGGACC,4.42578125,1818,CCGGTG,4.8828125,1818,CCGGTG,4.8828125,807,AGGACC,0.008657347410917282,1818,CCGGTG,0.01248899381607771,1608,CCAACG,0.08733867853879929,False,False,True,0.0014479607343673706,AGGCGGCAGCCCGCACGCAGGCAAAGCCAACG
2,4,64,head_1,degradation,1.02734375,1.0193054676055908,807,AGGACC,4.40625,1818,CCGGTG,4.875,1818,CCGGTG,4.875,807,AGGACC,0.008528127335011959,1818,CCGGTG,0.012482027523219585,1608,CCAACG,0.08754473179578781,False,False,True,0.0032781660556793213,AGGCGGCAGCCCGCACGCAGGCAAAGCCAACG
2,5,64,head_1,degradation,0.9931640625,0.9808422327041626,807,AGGACC,4.4296875,1818,CCGGTG,4.87890625,1818,CCGGTG,4.87890625,807,AGGACC,0.008534793742001057,1818,CCGGTG,0.012100251391530037,1608,CCAACG,0.08732620626688004,False,False,True,0.003784850239753723,AGGCGGCAGCCCGCACGCAGGCAAAGCCAACG
3,0,64,head_1,degradation,0.9931640625,0.9733715653419495,807,AGGACC,4.42578125,1818,CCGGTG,4.875,1818,CCGGTG,4.875,807,AGGACC,0.008633168414235115,1818,CCGGTG,0.012123179621994495,1608,CCAACG,0.08777382969856262,False,False,True,3.1694769859313965e-05,AGGCGGCAGCCCGCACGCAGGCAAAGCCAACG
3,1,64,head_1,degradation,1.013671875,1.000522494316101,807,AGGACC,4.41796875,1818,CCGGTG,4.87890625,1818,CCGGTG,4.87890625,807,AGGACC,0.008556423708796501,1818,CCGGTG,0.012320633977651596,1608,CCAACG,0.0873207077383995,False,False,True,0.0010115355253219604,AGGCGGCAGCCCGCACGCAGGCAAAGCCAACG
3,2,64,head_1,degradation,0.9931640625,0.976561427116394,807,AGGACC,4.4296875,1818,CCGGTG,4.87890625,1818,CCGGTG,4.87890625,807,AGGACC,0.008619510568678379,1818,CCGGTG,0.012141736224293709,1608,CCAACG,0.08750401437282562,False,False,True,0.0007096827030181885,AGGCGGCAGCCCGCACGCAGGCAAAGCCAACG
3,3,64,head_1,degradation,1.0,0.9927589893341064,807,AGGACC,4.421875,1818,CCGGTG,4.875,1818,CCGGTG,4.875,807,AGGACC,0.008559291251003742,1818,CCGGTG,0.012245096266269684,1608,CCAACG,0.08729135245084763,False,False,True,0.0007655620574951172,AGGCGGCAGCCCGCACGCAGGCAAAGCCAACG
3,4,64,head_1,degradation,0.9931640625,0.9853233695030212,807,AGGACC,4.42578125,1818,CCGGTG,4.875,1818,CCGGTG,4.875,807,AGGACC,0.008684473112225533,1818,CCGGTG,0.012295185588300228,1608,CCAACG,0.08674369007349014,False,False,True,-0.0011879950761795044,AGGCGGCAGCCCGCACGCAGGCAAAGCCAACG
3,5,64,head_1,degradation,1.0068359375,0.9995656609535217,807,AGGACC,4.42578125,1818,CCGGTG,4.8828125,1818,CCGGTG,4.8828125,807,AGGACC,0.008589307777583599,1818,CCGGTG,0.01234385371208191,1608,CCAACG,0.08750396221876144,False,False,True,-0.0005322098731994629,AGGCGGCAGCCCGCACGCAGGCAAAGCCAACG
4,0,64,head_1,degradation,1.0341796875,1.019815444946289,807,AGGACC,4.40625,1818,CCGGTG,4.87890625,1818,CCGGTG,4.87890625,807,AGGACC,0.008518300019204617,1818,CCGGTG,0.012477350421249866,1608,CCAACG,0.08716941624879837,False,False,True,-0.00176258385181427,AGGCGGCAGCCCGCACGCAGGCAAAGCCAACG
4,1,64,head_1,degradation,1.0341796875,1.001575231552124,807,AGGACC,4.40625,1818,CCGGTG,4.87890625,1818,CCGGTG,4.87890625,807,AGGACC,0.008629245683550835,1818,CCGGTG,0.012404086999595165,1608,CCAACG,0.08746393769979477,False,False,True,-0.001684531569480896,AGGCGGCAGCCCGCACGCAGGCAAAGCCAACG
4,2,64,head_1,degradation,1.0341796875,0.9979907274246216,807,AGGACC,4.40234375,1818,CCGGTG,4.875,1818,CCGGTG,4.875,807,AGGACC,0.00858477782458067,1818,CCGGTG,0.012323418632149696,1608,CCAACG,0.08646395802497864,False,False,True,-0.0015140324831008911,AGGCGGCAGCCCGCACGCAGGCAAAGCCAACG
4,3,64,head_1,degradation,1.0068359375,0.9895216822624207,807,AGGACC,4.4140625,1818,CCGGTG,4.87109375,1818,CCGGTG,4.87109375,807,AGGACC,0.008554835803806782,1818,CCGGTG,0.012207948602735996,1608,CCAACG,0.08748854696750641,False,False,True,2.658367156982422e-05,AGGCGGCAGCCCGCACGCAGGCAAAGCCAACG
4,4,64,head_1,degradation,1.0068359375,0.9822924733161926,807,AGGACC,4.421875,1818,CCGGTG,4.87890625,1818,CCGGTG,4.87890625,807,AGGACC,0.00849672220647335,1818,CCGGTG,0.012076826766133308,1608,CCAACG,0.08712922781705856,False,False,True,0.003703385591506958,AGGCGGCAGCCCGCACGCAGGCAAAGCCAACG
4,5,64,head_1,degradation,1.02734375,1.0082367658615112,807,AGGACC,4.41015625,1818,CCGGTG,4.87890625,1818,CCGGTG,4.87890625,807,AGGACC,0.008358593098819256,1818,CCGGTG,0.012200710363686085,1608,CCAACG,0.08802299201488495,False,False,True,0.0009856224060058594,AGGCGGCAGCCCGCACGCAGGCAAAGCCAACG
5,0,64,head_1,degradation,1.0478515625,1.0478216409683228,807,AGGACC,4.41015625,1818,CCGGTG,4.890625,1818,CCGGTG,4.890625,807,AGGACC,0.008427606895565987,1818,CCGGTG,0.012669491581618786,1608,CCAACG,0.08823531121015549,False,False,True,0.0015034079551696777,AGGCGGCAGCCCGCACGCAGGCAAAGCCAACG
5,1,64,head_1,degradation,1.0068359375,0.9882811903953552,807,AGGACC,4.41796875,1818,CCGGTG,4.875,1818,CCGGTG,4.875,807,AGGACC,0.008577500469982624,1818,CCGGTG,0.012218084186315536,1608,CCAACG,0.08782747387886047,False,False,True,0.00116044282913208,AGGCGGCAGCCCGCACGCAGGCAAAGCCAACG
5,2,64,head_1,degradation,1.041015625,1.031860589981079,807,AGGACC,4.41015625,1818,CCGGTG,4.88671875,1818,CCGGTG,4.88671875,807,AGGACC,0.008481842465698719,1818,CCGGTG,0.01256253570318222,1608,CCAACG,0.08846502751111984,False,False,True,-0.0010704398155212402,AGGCGGCAGCCCGCACGCAGGCAAAGCCAACG
5,3,64,head_1,degradation,1.02734375,1.011406421661377,807,AGGACC,4.41015625,1818,CCGGTG,4.87890625,1818,CCGGTG,4.87890625,807,AGGACC,0.00852305069565773,1818,CCGGTG,0.012397177517414093,1608,CCAACG,0.08724864572286606,False,False,True,0.0004026740789413452,AGGCGGCAGCCCGCACGCAGGCAAAGCCAACG
5,4,64,head_1,degradation,1.02734375,1.003625512123108,807,AGGACC,4.41796875,1818,CCGGTG,4.88671875,1818,CCGGTG,4.88671875,807,AGGACC,0.00849791057407856,1818,CCGGTG,0.012293457984924316,1608,CCAACG,0.0878261998295784,False,False,True,0.0006961226463317871,AGGCGGCAGCCCGCACGCAGGCAAAGCCAACG
5,5,64,head_1,degradation,0.9794921875,0.9555867910385132,807,AGGACC,4.4296875,1818,CCGGTG,4.87109375,1818,CCGGTG,4.87109375,807,AGGACC,0.008550583384931087,1818,CCGGTG,0.011860985308885574,1608,CCAACG,0.08687716722488403,False,False,True,0.00040912628173828125,AGGCGGCAGCCCGCACGCAGGCAAAGCCAACG
6,0,64,head_1,degradation,1.0068359375,0.9978769421577454,807,AGGACC,4.4296875,1818,CCGGTG,4.88671875,1818,CCGGTG,4.88671875,807,AGGACC,0.008678881451487541,1818,CCGGTG,0.012416373938322067,1608,CCAACG,0.08837468922138214,False,False,True,-0.0016746819019317627,AGGCGGCAGCCCGCACGCAGGCAAAGCCAACG
6,1,64,head_1,degradation,1.013671875,0.9770245552062988,807,AGGACC,4.421875,1818,CCGGTG,4.8828125,1818,CCGGTG,4.8828125,807,AGGACC,0.0087610874325037,1818,CCGGTG,0.012287990190088749,1608,CCAACG,0.0871744379401207,False,False,True,-0.0018049925565719604,AGGCGGCAGCCCGCACGCAGGCAAAGCCAACG
6,2,64,head_1,degradation,0.97265625,0.9606791138648987,807,AGGACC,4.44140625,1818,CCGGTG,4.87890625,1818,CCGGTG,4.87890625,807,AGGACC,0.00876525603234768,1818,CCGGTG,0.012127085588872433,1608,CCAACG,0.08633144944906235,False,False,True,-6.313621997833252e-05,AGGCGGCAGCCCGCACGCAGGCAAAGCCAACG
6,3,64,head_1,degradation,1.0205078125,0.9985694885253906,807,AGGACC,4.421875,1818,CCGGTG,4.88671875,1818,CCGGTG,4.88671875,807,AGGACC,0.00860685482621193,1818,CCGGTG,0.012351341545581818,1608,CCAACG,0.08796817064285278,False,False,True,0.00157088041305542,AGGCGGCAGCCCGCACGCAGGCAAAGCCAACG
6,4,64,head_1,degradation,1.0205078125,1.0019465684890747,807,AGGACC,4.421875,1818,CCGGTG,4.88671875,1818,CCGGTG,4.88671875,807,AGGACC,0.008515438064932823,1818,CCGGTG,0.01229402981698513,1608,CCAACG,0.08961042016744614,False,False,True,0.0033770501613616943,AGGCGGCAGCCCGCACGCAGGCAAAGCCAACG
6,5,64,head_1,degradation,1.0478515625,1.0189000368118286,807,AGGACC,4.40625,1818,CCGGTG,4.88671875,1818,CCGGTG,4.88671875,807,AGGACC,0.008599122054874897,1818,CCGGTG,0.012548927217721939,1608,CCAACG,0.08874078840017319,False,False,True,0.0008437782526016235,AGGCGGCAGCCCGCACGCAGGCAAAGCCAACG
7,0,64,head_1,degradation,1.0546875,1.0338480472564697,807,AGGACC,4.40234375,1818,CCGGTG,4.88671875,1818,CCGGTG,4.88671875,807,AGGACC,0.008501190692186356,1818,CCGGTG,0.012601956725120544,1608,CCAACG,0.08614365011453629,False,False,True,0.003276929259300232,AGGCGGCAGCCCGCACGCAGGCAAAGCCAACG
7,1,64,head_1,degradation,1.02734375,1.0119585990905762,807,AGGACC,4.41796875,1818,CCGGTG,4.88671875,1818,CCGGTG,4.88671875,807,AGGACC,0.008573384955525398,1818,CCGGTG,0.012453087605535984,1608,CCAACG,0.085918128490448,False,False,True,0.0037572383880615234,AGGCGGCAGCCCGCACGCAGGCAAAGCCAACG
7,2,64,head_1,degradation,1.013671875,1.0025523900985718,807,AGGACC,4.421875,1818,CCGGTG,4.8828125,1818,CCGGTG,4.8828125,807,AGGACC,0.008501781150698662,1818,CCGGTG,0.012286490760743618,1608,CCAACG,0.08641162514686584,False,False,True,0.0034973323345184326,AGGCGGCAGCCCGCACGCAGGCAAAGCCAACG
7,3,64,head_1,degradation,0.9794921875,0.9652140736579895,807,AGGACC,4.41796875,1818,CCGGTG,4.859375,1818,CCGGTG,4.859375,807,AGGACC,0.008629972115159035,1818,CCGGTG,0.012037601321935654,1608,CCAACG,0.0880981832742691,False,False,True,0.0019686222076416016,AGGCGGCAGCCCGCACGCAGGCAAAGCCAACG
7,4,64,head_1,degradation,0.9658203125,0.9578083753585815,807,AGGACC,4.4140625,1818,CCGGTG,4.84765625,1818,CCGGTG,4.84765625,807,AGGACC,0.008625506423413754,1818,CCGGTG,0.011958344839513302,1608,CCAACG,0.08828668296337128,False,False,True,0.002181991934776306,AGGCGGCAGCCCGCACGCAGGCAAAGCCAACG
7,5,64,head_1,degradation,1.0,0.9902279376983643,807,AGGACC,4.40625,1818,CCGGTG,4.859375,1818,CCGGTG,4.859375,807,AGGACC,0.008638858795166016,1818,CCGGTG,0.012299103662371635,1608,CCAACG,0.08625254034996033,False,False,True,0.0015501230955123901,AGGCGGCAGCCCGCACGCAGGCAAAGCCAACG
8,0,64,head_1,degradation,0.9384765625,0.9485215544700623,807,AGGACC,4.43359375,1818,CCGGTG,4.8515625,1818,CCGGTG,4.8515625,807,AGGACC,0.008867953903973103,1818,CCGGTG,0.012107003480196,1608,CCAACG,0.08498571813106537,False,False,True,-0.0015842914581298828,AGGCGGCAGCCCGCACGCAGGCAAAGCCAACG
8,1,64,head_1,degradation,0.9931640625,1.0062037706375122,807,AGGACC,4.41796875,1818,CCGGTG,4.8671875,1818,CCGGTG,4.8671875,807,AGGACC,0.008571873418986797,1818,CCGGTG,0.012393458746373653,1608,CCAACG,0.08844204992055893,False,False,True,-0.00012458860874176025,AGGCGGCAGCCCGCACGCAGGCAAAGCCAACG
8,2,64,head_1,degradation,0.986328125,0.9822936058044434,807,AGGACC,4.40625,1818,CCGGTG,4.8515625,1818,CCGGTG,4.8515625,807,AGGACC,0.0086838873103261,1818,CCGGTG,0.012264003045856953,1608,CCAACG,0.08668359369039536,False,False,True,0.00029246509075164795,AGGCGGCAGCCCGCACGCAGGCAAAGCCAACG
8,3,64,head_1,degradation,0.9931640625,1.0010408163070679,807,AGGACC,4.41015625,1818,CCGGTG,4.859375,1818,CCGGTG,4.859375,807,AGGACC,0.008675571531057358,1818,CCGGTG,0.012445015832781792,1608,CCAACG,0.08577077835798264,False,False,True,0.0001923590898513794,AGGCGGCAGCCCGCACGCAGGCAAAGCCAACG
8,4,64,head_1,degradation,1.0,0.9976436495780945,807,AGGACC,4.41015625,1818,CCGGTG,4.86328125,1818,CCGGTG,4.86328125,807,AGGACC,0.008778685703873634,1818,CCGGTG,0.012513821013271809,1608,CCAACG,0.08635823428630829,False,False,True,-2.4124979972839355e-05,AGGCGGCAGCCCGCACGCAGGCAAAGCCAACG
8,5,64,head_1,degradation,0.9794921875,1.0222885608673096,807,AGGACC,4.41796875,1818,CCGGTG,4.859375,1818,CCGGTG,4.859375,807,AGGACC,0.008509360253810883,1818,CCGGTG,0.01249338686466217,1608,CCAACG,0.08735340088605881,False,False,True,-0.0006887167692184448,AGGCGGCAGCCCGCACGCAGGCAAAGCCAACG
9,0,64,head_1,degradation,1.013671875,1.020010232925415,807,AGGACC,4.41796875,1818,CCGGTG,4.87890625,1818,CCGGTG,4.87890625,807,AGGACC,0.008298496715724468,1818,CCGGTG,0.012259513139724731,1608,CCAACG,0.0913914144039154,False,False,True,0.0020779967308044434,AGGCGGCAGCCCGCACGCAGGCAAAGCCAACG
9,1,64,head_1,degradation,1.0615234375,1.0767320394515991,807,AGGACC,4.40234375,1818,CCGGTG,4.890625,1818,CCGGTG,4.890625,807,AGGACC,0.008284126408398151,1818,CCGGTG,0.012817979790270329,1608,CCAACG,0.09051626920700073,False,False,True,-0.0004886537790298462,AGGCGGCAGCCCGCACGCAGGCAAAGCCAACG
9,2,64,head_1,degradation,1.013671875,1.0312037467956543,807,AGGACC,4.41015625,1818,CCGGTG,4.87109375,1818,CCGGTG,4.87109375,807,AGGACC,0.008497974835336208,1818,CCGGTG,0.012572035193443298,1608,CCAACG,0.08830526471138,False,False,True,-0.001290842890739441,AGGCGGCAGCCCGCACGCAGGCAAAGCCAACG
9,3,64,head_1,degradation,1.0068359375,1.0161287784576416,807,AGGACC,4.41015625,1818,CCGGTG,4.8671875,1818,CCGGTG,4.8671875,807,AGGACC,0.00868175644427538,1818,CCGGTG,0.012603573501110077,1608,CCAACG,0.08604829013347626,False,False,True,-0.0007878541946411133,AGGCGGCAGCCCGCACGCAGGCAAAGCCAACG
9,4,64,head_1,degradation,0.9794921875,0.9567498564720154,807,AGGACC,4.4296875,1818,CCGGTG,4.87109375,1818,CCGGTG,4.87109375,807,AGGACC,0.00891097541898489,1818,CCGGTG,0.012233124114573002,1608,CCAACG,0.08691507577896118,False,False,True,0.0007906258106231689,AGGCGGCAGCCCGCACGCAGGCAAAGCCAACG
9,5,64,head_1,degradation,0.97265625,0.9379299879074097,807,AGGACC,4.41796875,1818,CCGGTG,4.85546875,1818,CCGGTG,4.85546875,807,AGGACC,0.008950751274824142,1818,CCGGTG,0.012082836590707302,1608,CCAACG,0.08682611584663391,False,False,True,0.0006111264228820801,AGGCGGCAGCCCGCACGCAGGCAAAGCCAACG
10,0,64,head_1,degradation,0.97265625,0.964128851890564,807,AGGACC,4.4296875,1818,CCGGTG,4.8671875,1818,CCGGTG,4.8671875,807,AGGACC,0.008775804191827774,1818,CCGGTG,0.012172473594546318,1608,CCAACG,0.08702690899372101,False,False,True,-0.0012416988611221313,AGGCGGCAGCCCGCACGCAGGCAAAGCCAACG
10,1,64,head_1,degradation,1.013671875,0.9903035163879395,807,AGGACC,4.41796875,1818,CCGGTG,4.87890625,1818,CCGGTG,4.87890625,807,AGGACC,0.008935625664889812,1818,CCGGTG,0.012596633285284042,1608,CCAACG,0.08385501056909561,False,False,True,-0.00013720989227294922,AGGCGGCAGCCCGCACGCAGGCAAAGCCAACG
10,2,64,head_1,degradation,0.9931640625,0.9642494916915894,807,AGGACC,4.3984375,1818,CCGGTG,4.84765625,1818,CCGGTG,4.84765625,807,AGGACC,0.009084505960345268,1818,CCGGTG,0.012482392601668835,1608,CCAACG,0.08349359780550003,False,False,True,0.0012952536344528198,AGGCGGCAGCCCGCACGCAGGCAAAGCCAACG
10,3,64,head_1,degradation,1.0,1.0047610998153687,807,AGGACC,4.3984375,1818,CCGGTG,4.8515625,1818,CCGGTG,4.8515625,807,AGGACC,0.00899079442024231,1818,CCGGTG,0.012797809205949306,1608,CCAACG,0.08453381806612015,False,False,True,0.0008520185947418213,AGGCGGCAGCCCGCACGCAGGCAAAGCCAACG
10,4,64,head_1,degradation,1.0068359375,1.0003774166107178,807,AGGACC,4.40625,1818,CCGGTG,4.86328125,1818,CCGGTG,4.86328125,807,AGGACC,0.00883589219301939,1818,CCGGTG,0.01259863656014204,1608,CCAACG,0.08562826365232468,False,False,True,0.0018376260995864868,AGGCGGCAGCCCGCACGCAGGCAAAGCCAACG
10,5,64,head_1,degradation,0.9111328125,0.8909715414047241,807,AGGACC,4.4296875,1818,CCGGTG,4.83203125,1818,CCGGTG,4.83203125,807,AGGACC,0.008880823850631714,1818,CCGGTG,0.011538675054907799,1608,CCAACG,0.08512205630540848,False,False,True,0.00022576749324798584,AGGCGGCAGCCCGCACGCAGGCAAAGCCAACG
11,0,64,head_1,degradation,0.9521484375,0.9020929932594299,807,AGGACC,4.43359375,1818,CCGGTG,4.859375,1818,CCGGTG,4.859375,807,AGGACC,0.009015880525112152,1818,CCGGTG,0.01178604643791914,1608,CCAACG,0.08195500820875168,False,False,True,-0.0013606250286102295,AGGCGGCAGCCCGCACGCAGGCAAAGCCAACG
11,1,64,head_1,degradation,0.97265625,0.9442148804664612,807,AGGACC,4.42578125,1818,CCGGTG,4.86328125,1818,CCGGTG,4.86328125,807,AGGACC,0.008806088007986546,1818,CCGGTG,0.012001645751297474,1608,CCAACG,0.084063820540905,False,False,True,-0.0012802034616470337,AGGCGGCAGCCCGCACGCAGGCAAAGCCAACG
11,2,64,head_1,degradation,0.97265625,0.9437217116355896,807,AGGACC,4.421875,1818,CCGGTG,4.859375,1818,CCGGTG,4.859375,807,AGGACC,0.00891165528446436,1818,CCGGTG,0.012102232314646244,1608,CCAACG,0.0857270210981369,False,False,True,-0.0002595484256744385,AGGCGGCAGCCCGCACGCAGGCAAAGCCAACG
11,3,64,head_1,degradation,0.97265625,0.9446922540664673,807,AGGACC,4.421875,1818,CCGGTG,4.859375,1818,CCGGTG,4.859375,807,AGGACC,0.008649895898997784,1818,CCGGTG,0.011850274167954922,1608,CCAACG,0.08741942793130875,False,False,True,0.00042188167572021484,AGGCGGCAGCCCGCACGCAGGCAAAGCCAACG
11,4,64,head_1,degradation,0.9384765625,0.9021202325820923,807,AGGACC,4.4375,1818,CCGGTG,4.85546875,1818,CCGGTG,4.85546875,807,AGGACC,0.008854891173541546,1818,CCGGTG,0.01162533275783062,1608,CCAACG,0.08683054149150848,False,False,True,0.0011259764432907104,AGGCGGCAGCCCGCACGCAGGCAAAGCCAACG
11,5,64,head_1,degradation,0.9111328125,0.88360196352005,807,AGGACC,4.44140625,1818,CCGGTG,4.84375,1818,CCGGTG,4.84375,807,AGGACC,0.008742012083530426,1818,CCGGTG,0.01132543757557869,1608,CCAACG,0.08579955995082855,False,False,True,-0.00020325183868408203,AGGCGGCAGCCCGCACGCAGGCAAAGCCAACG
12,0,64,head_1,degradation,1.02734375,0.9816462397575378,807,AGGACC,4.3984375,1818,CCGGTG,4.8671875,1818,CCGGTG,4.8671875,807,AGGACC,0.008742871694266796,1818,CCGGTG,0.012316448614001274,1608,CCAACG,0.08633332699537277,False,False,True,-0.00046165287494659424,AGGCGGCAGCCCGCACGCAGGCAAAGCCAACG
12,1,64,head_1,degradation,0.97265625,0.9498412013053894,807,AGGACC,4.4296875,1818,CCGGTG,4.8671875,1818,CCGGTG,4.8671875,807,AGGACC,0.008848880417644978,1818,CCGGTG,0.012101258151233196,1608,CCAACG,0.08616204559803009,False,False,True,-0.001551121473312378,AGGCGGCAGCCCGCACGCAGGCAAAGCCAACG
12,2,64,head_1,degradation,0.9794921875,1.0405601263046265,807,AGGACC,4.421875,1818,CCGGTG,4.86328125,1818,CCGGTG,4.86328125,807,AGGACC,0.008489205501973629,1818,CCGGTG,0.012657755985856056,1608,CCAACG,0.09066228568553925,False,False,True,-0.00023956596851348877,AGGCGGCAGCCCGCACGCAGGCAAAGCCAACG
12,3,64,head_1,degradation,1.0205078125,1.0614413022994995,807,AGGACC,4.421875,1818,CCGGTG,4.88671875,1818,CCGGTG,4.88671875,807,AGGACC,0.008363582193851471,1818,CCGGTG,0.012743012979626656,1608,CCAACG,0.09119359403848648,False,False,True,0.000809982419013977,AGGCGGCAGCCCGCACGCAGGCAAAGCCAACG
12,4,64,head_1,degradation,0.9931640625,1.0186855792999268,807,AGGACC,4.42578125,1818,CCGGTG,4.875,1818,CCGGTG,4.875,807,AGGACC,0.008441737852990627,1818,CCGGTG,0.012389377690851688,1608,CCAACG,0.09185216575860977,False,False,True,0.0011381357908248901,AGGCGGCAGCCCGCACGCAGGCAAAGCCAACG
12,5,64,head_1,degradation,0.9931640625,0.9752207398414612,807,AGGACC,4.42578125,1818,CCGGTG,4.875,1818,CCGGTG,4.875,807,AGGACC,0.008618546649813652,1818,CCGGTG,0.012127232737839222,1608,CCAACG,0.08794932812452316,False,False,True,0.0015043467283248901,AGGCGGCAGCCCGCACGCAGGCAAAGCCAACG
13,0,64,head_1,degradation,0.958984375,1.0170634984970093,807,AGGACC,4.4375,1818,CCGGTG,4.8671875,1818,CCGGTG,4.8671875,807,AGGACC,0.008506729267537594,1818,CCGGTG,0.012437986209988594,1608,CCAACG,0.0910089910030365,False,False,True,0.004125490784645081,AGGCGGCAGCCCGCACGCAGGCAAAGCCAACG
13,1,64,head_1,degradation,0.9658203125,0.9908955693244934,807,AGGACC,4.41796875,1818,CCGGTG,4.8515625,1818,CCGGTG,4.8515625,807,AGGACC,0.008676564320921898,1818,CCGGTG,0.012343551963567734,1608,CCAACG,0.08982598781585693,False,False,True,0.0017248839139938354,AGGCGGCAGCCCGCACGCAGGCAAAGCCAACG
13,2,64,head_1,degradation,0.9931640625,1.0213483572006226,807,AGGACC,4.40234375,1818,CCGGTG,4.8515625,1818,CCGGTG,4.8515625,807,AGGACC,0.008436544798314571,1818,CCGGTG,0.01241107564419508,1608,CCAACG,0.0906514897942543,False,False,True,-0.00017061829566955566,AGGCGGCAGCCCGCACGCAGGCAAAGCCAACG
13,3,64,head_1,degradation,1.0,1.0252132415771484,807,AGGACC,4.40625,1818,CCGGTG,4.859375,1818,CCGGTG,4.859375,807,AGGACC,0.008380861021578312,1818,CCGGTG,0.012394423596560955,1608,CCAACG,0.08931010961532593,False,False,True,-0.000440061092376709,AGGCGGCAGCCCGCACGCAGGCAAAGCCAACG
13,4,64,head_1,degradation,1.0068359375,1.0542815923690796,807,AGGACC,4.41015625,1818,CCGGTG,4.8671875,1818,CCGGTG,4.8671875,807,AGGACC,0.00826325174421072,1818,CCGGTG,0.012570376507937908,1608,CCAACG,0.09118814021348953,False,False,True,-0.00048550963401794434,AGGCGGCAGCCCGCACGCAGGCAAAGCCAACG
13,5,64,head_1,degradation,1.0205078125,1.0465606451034546,807,AGGACC,4.421875,1818,CCGGTG,4.88671875,1818,CCGGTG,4.88671875,807,AGGACC,0.008480644784867764,1818,CCGGTG,0.01270979456603527,1608,CCAACG,0.08807677775621414,False,False,True,-0.0003898888826370239,AGGCGGCAGCCCGCACGCAGGCAAAGCCAACG
14,0,64,head_1,degradation,0.9794921875,0.9899241328239441,807,AGGACC,4.4375,1818,CCGGTG,4.87890625,1818,CCGGTG,4.87890625,807,AGGACC,0.00867517851293087,1818,CCGGTG,0.012332355603575706,1608,CCAACG,0.0878932774066925,False,False,True,-0.0009002238512039185,AGGCGGCAGCCCGCACGCAGGCAAAGCCAACG
14,1,64,head_1,degradation,1.0,0.9762738943099976,807,AGGACC,4.4296875,1818,CCGGTG,4.8828125,1818,CCGGTG,4.8828125,807,AGGACC,0.008727870881557465,1818,CCGGTG,0.012247192673385143,1608,CCAACG,0.08685452491044998,False,False,True,-0.0009040683507919312,AGGCGGCAGCCCGCACGCAGGCAAAGCCAACG
14,2,64,head_1,degradation,1.0,0.9722880125045776,807,AGGACC,4.42578125,1818,CCGGTG,4.87890625,1818,CCGGTG,4.87890625,807,AGGACC,0.008841860108077526,1818,CCGGTG,0.012320928275585175,1608,CCAACG,0.08249662071466446,False,False,True,-0.0006740391254425049,AGGCGGCAGCCCGCACGCAGGCAAAGCCAACG
14,3,64,head_1,degradation,1.0205078125,1.0074256658554077,807,AGGACC,4.421875,1818,CCGGTG,4.88671875,1818,CCGGTG,4.88671875,807,AGGACC,0.008649582974612713,1818,CCGGTG,0.012483508326113224,1608,CCAACG,0.08446343243122101,False,False,True,-4.620850086212158e-05,AGGCGGCAGCCCGCACGCAGGCAAAGCCAACG
14,4,64,head_1,degradation,1.0205078125,1.0041509866714478,807,AGGACC,4.40625,1818,CCGGTG,4.87109375,1818,CCGGTG,4.87109375,807,AGGACC,0.008819308131933212,1818,CCGGTG,0.012620162218809128,1608,CCAACG,0.0828443169593811,False,False,True,0.00019691884517669678,AGGCGGCAGCCCGCACGCAGGCAAAGCCAACG
14,5,64,head_1,degradation,1.0478515625,1.0773696899414062,807,AGGACC,4.3828125,1818,CCGGTG,4.86328125,1818,CCGGTG,4.86328125,807,AGGACC,0.008495896123349667,1818,CCGGTG,0.013036188669502735,1608,CCAACG,0.08459638059139252,False,False,True,-0.00042128562927246094,AGGCGGCAGCCCGCACGCAGGCAAAGCCAACG
15,0,64,head_1,degradation,1.0068359375,0.9429644346237183,807,AGGACC,4.421875,1818,CCGGTG,4.87890625,1818,CCGGTG,4.87890625,807,AGGACC,0.008573172613978386,1818,CCGGTG,0.011756101623177528,1608,CCAACG,0.08580725640058517,False,False,True,-0.0003700852394104004,AGGCGGCAGCCCGCACGCAGGCAAAGCCAACG
15,1,64,head_1,degradation,0.986328125,0.9609426856040955,807,AGGACC,4.4296875,1818,CCGGTG,4.875,1818,CCGGTG,4.875,807,AGGACC,0.0086628133431077,1818,CCGGTG,0.012027304619550705,1608,CCAACG,0.08611377328634262,False,False,True,0.0004681497812271118,AGGCGGCAGCCCGCACGCAGGCAAAGCCAACG
15,2,64,head_1,degradation,0.9931640625,0.9165783524513245,807,AGGACC,4.4296875,1818,CCGGTG,4.87890625,1818,CCGGTG,4.87890625,807,AGGACC,0.008880045264959335,1818,CCGGTG,0.011796500533819199,1608,CCAACG,0.0857900008559227,False,False,True,0.0004535168409347534,AGGCGGCAGCCCGCACGCAGGCAAAGCCAACG
15,3,64,head_1,degradation,1.013671875,0.9618923664093018,807,AGGACC,4.4296875,1818,CCGGTG,4.890625,1818,CCGGTG,4.890625,807,AGGACC,0.008785595186054707,1818,CCGGTG,0.012159678153693676,1608,CCAACG,0.08787702769041061,False,False,True,-0.00013796985149383545,AGGCGGCAGCCCGCACGCAGGCAAAGCCAACG
15,4,64,head_1,degradation,1.0205078125,0.9777239561080933,807,AGGACC,4.4296875,1818,CCGGTG,4.89453125,1818,CCGGTG,4.89453125,807,AGGACC,0.00863597635179758,1818,CCGGTG,0.012169943191111088,1608,CCAACG,0.08813794702291489,False,False,True,-0.0003299117088317871,AGGCGGCAGCCCGCACGCAGGCAAAGCCAACG
15,5,64,head_1,degradation,0.9111328125,0.9462669491767883,807,AGGACC,4.4453125,1818,CCGGTG,4.84765625,1818,CCGGTG,4.84765625,807,AGGACC,0.008539083413779736,1818,CCGGTG,0.011755364947021008,1608,CCAACG,0.09175888448953629,False,False,True,-0.0003883242607116699,AGGCGGCAGCCCGCACGCAGGCAAAGCCAACG
16,0,64,head_1,degradation,0.9931640625,0.9947900176048279,807,AGGACC,4.4296875,1818,CCGGTG,4.87890625,1818,CCGGTG,4.87890625,807,AGGACC,0.008615217171609402,1818,CCGGTG,0.012321533635258675,1608,CCAACG,0.08766753226518631,False,False,True,-0.0014532357454299927,AGGCGGCAGCCCGCACGCAGGCAAAGCCAACG
16,1,64,head_1,degradation,0.9931640625,0.9968669414520264,807,AGGACC,4.4296875,1818,CCGGTG,4.87890625,1818,CCGGTG,4.87890625,807,AGGACC,0.0086979316547513,1818,CCGGTG,0.012425224296748638,1608,CCAACG,0.08742735534906387,False,False,True,-0.00039152801036834717,AGGCGGCAGCCCGCACGCAGGCAAAGCCAACG
16,2,64,head_1,degradation,0.97265625,0.9359967112541199,807,AGGACC,4.4375,1818,CCGGTG,4.875,1818,CCGGTG,4.875,807,AGGACC,0.009038308635354042,1818,CCGGTG,0.012150869704782963,1608,CCAACG,0.08462213724851608,False,False,True,-0.00038567185401916504,AGGCGGCAGCCCGCACGCAGGCAAAGCCAACG
16,3,64,head_1,degradation,0.9248046875,0.8691189885139465,807,AGGACC,4.44140625,1818,CCGGTG,4.8515625,1818,CCGGTG,4.8515625,807,AGGACC,0.009216767735779285,1818,CCGGTG,0.011653928086161613,1608,CCAACG,0.0859670490026474,False,False,True,-0.0002646595239639282,AGGCGGCAGCCCGCACGCAGGCAAAGCCAACG
16,4,64,head_1,degradation,0.9384765625,0.9075879454612732,807,AGGACC,4.4375,1818,CCGGTG,4.85546875,1818,CCGGTG,4.85546875,807,AGGACC,0.009051661007106304,1818,CCGGTG,0.011877321638166904,1608,CCAACG,0.08675158023834229,False,False,True,1.1473894119262695e-05,AGGCGGCAGCCCGCACGCAGGCAAAGCCAACG
16,5,64,head_1,degradation,0.9931640625,0.9325010776519775,807,AGGACC,4.421875,1818,CCGGTG,4.87109375,1818,CCGGTG,4.87109375,807,AGGACC,0.00875333696603775,1818,CCGGTG,0.011830595321953297,1608,CCAACG,0.08816434442996979,False,False,True,-0.0001856684684753418,AGGCGGCAGCCCGCACGCAGGCAAAGCCAACG
17,0,64,head_1,degradation,1.0,0.992556631565094,807,AGGACC,4.42578125,1818,CCGGTG,4.87890625,1818,CCGGTG,4.87890625,807,AGGACC,0.008598539046943188,1818,CCGGTG,0.012282300740480423,1608,CCAACG,0.087181955575943,False,False,True,0.00010535120964050293,AGGCGGCAGCCCGCACGCAGGCAAAGCCAACG
17,1,64,head_1,degradation,1.0,0.9790508151054382,807,AGGACC,4.42578125,1818,CCGGTG,4.87890625,1818,CCGGTG,4.87890625,807,AGGACC,0.008646449074149132,1818,CCGGTG,0.012193814851343632,1608,CCAACG,0.08661729097366333,False,False,True,-6.198883056640625e-05,AGGCGGCAGCCCGCACGCAGGCAAAGCCAACG
17,2,64,head_1,degradation,1.0,0.9685856103897095,807,AGGACC,4.42578125,1818,CCGGTG,4.87890625,1818,CCGGTG,4.87890625,807,AGGACC,0.00873078778386116,1818,CCGGTG,0.012172465212643147,1608,CCAACG,0.08644320070743561,False,False,True,5.8203935623168945e-05,AGGCGGCAGCCCGCACGCAGGCAAAGCCAACG
17,3,64,head_1,degradation,1.0,0.9882383942604065,807,AGGACC,4.42578125,1818,CCGGTG,4.87890625,1818,CCGGTG,4.87890625,807,AGGACC,0.008423367515206337,1818,CCGGTG,0.012063519097864628,1608,CCAACG,0.08878637105226517,False,False,True,7.089972496032715e-05,AGGCGGCAGCCCGCACGCAGGCAAAGCCAACG
17,4,64,head_1,degradation,1.0,0.9879733324050903,807,AGGACC,4.42578125,1818,CCGGTG,4.87890625,1818,CCGGTG,4.87890625,807,AGGACC,0.008391277864575386,1818,CCGGTG,0.012028752826154232,1608,CCAACG,0.0900070071220398,False,False,True,-4.772841930389404e-05,AGGCGGCAGCCCGCACGCAGGCAAAGCCAACG
17,5,64,head_1,degradation,0.9794921875,0.9716753363609314,807,AGGACC,4.41796875,1818,CCGGTG,4.859375,1818,CCGGTG,4.859375,807,AGGACC,0.008305874653160572,1818,CCGGTG,0.011778755113482475,1608,CCAACG,0.08797646313905716,False,False,True,-4.692375659942627e-05,AGGCGGCAGCCCGCACGCAGGCAAAGCCAACG
