base,num_bases,duration_viterbi,raw start idx,raw end idx,input_base_timestamps
['T'],[4],[17],[924],[1026],"[924, 930, 948, 1020]"
['G'],[4],[6],[10686],[10722],"[10686, 10692, 10704, 10716]"
['C'],[4],[10],[11292],[11352],"[11292, 11298, 11328, 11340]"
['A'],[4],[4],[13566],[13590],"[13566, 13572, 13578, 13584]"
['C'],[4],[7],[22590],[22632],"[22590, 22608, 22620, 22626]"
['C'],[4],[4],[23952],[23976],"[23952, 23958, 23964, 23970]"
['G'],[5],[9],[27714],[27768],"[27714, 27720, 27726, 27732, 27744]"
['C'],[4],[9],[31494],[31548],"[31494, 31500, 31512, 31518]"
['A'],[4],[7],[34674],[34716],"[34674, 34692, 34704, 34710]"
['C'],[4],[9],[38928],[38982],"[38928, 38952, 38964, 38976]"
['T'],[4],[5],[39240],[39270],"[39240, 39246, 39252, 39264]"
['T'],[4],[11],[39696],[39762],"[39696, 39708, 39744, 39756]"
['C'],[4],[8],[40308],[40356],"[40308, 40314, 40332, 40344]"
['C'],[4],[17],[44274],[44376],"[44274, 44304, 44328, 44340]"
['C'],[4],[11],[45372],[45438],"[45372, 45420, 45426, 45432]"
['G'],[4],[11],[46458],[46524],"[46458, 46476, 46488, 46512]"
['C'],[4],[4],[49998],[50022],"[49998, 50004, 50010, 50016]"
['G'],[4],[7],[66690],[66732],"[66690, 66696, 66702, 66720]"
['G'],[4],[7],[72798],[72840],"[72798, 72804, 72810, 72834]"
['C'],[5],[7],[73140],[73182],"[73140, 73146, 73152, 73164, 73170]"
['G'],[6],[39],[75294],[75528],"[75294, 75312, 75360, 75372, 75432, 75480]"
['C'],[4],[7],[76848],[76890],"[76848, 76860, 76872, 76884]"
['C'],[4],[6],[78018],[78054],"[78018, 78024, 78036, 78048]"
['C'],[4],[11],[78414],[78480],"[78414, 78420, 78456, 78468]"
['C'],[4],[6],[79086],[79122],"[79086, 79092, 79104, 79116]"
['G'],[4],[4],[79788],[79812],"[79788, 79794, 79800, 79806]"
['G'],[4],[12],[80442],[80514],"[80442, 80460, 80502, 80508]"
['G'],[4],[4],[85020],[85044],"[85020, 85026, 85032, 85038]"
['G'],[4],[6],[85536],[85572],"[85536, 85548, 85554, 85566]"
['G'],[4],[26],[85596],[85752],"[85596, 85602, 85608, 85740]"
['G'],[4],[11],[90714],[90780],"[90714, 90732, 90756, 90768]"
['C'],[4],[6],[92430],[92466],"[92430, 92436, 92448, 92460]"
['G'],[4],[6],[92856],[92892],"[92856, 92862, 92874, 92880]"
['G'],[4],[6],[92904],[92940],"[92904, 92910, 92922, 92928]"
['C'],[4],[5],[93000],[93030],"[93000, 93012, 93018, 93024]"
['G'],[4],[26],[97320],[97476],"[97320, 97326, 97374, 97470]"
['G'],[4],[13],[97572],[97650],"[97572, 97608, 97620, 97644]"
['G'],[4],[17],[97692],[97794],"[97692, 97698, 97704, 97776]"
['G'],[4],[22],[97812],[97944],"[97812, 97860, 97866, 97884]"
['G'],[4],[13],[97956],[98034],"[97956, 97962, 97992, 98016]"
['G'],[4],[12],[98064],[98136],"[98064, 98088, 98094, 98106]"
['G'],[4],[13],[98148],[98226],"[98148, 98160, 98172, 98220]"
['G'],[4],[28],[98244],[98412],"[98244, 98304, 98328, 98400]"
['G'],[4],[6],[98448],[98484],"[98448, 98460, 98466, 98472]"
['G'],[17],[80],[101928],[102408],"[101928, 101934, 101952, 101958, 101964, 101988, 102000, 102012, 102048, 102096, 102108, 102168, 102240, 102252, 102264, 102312, 102372]"
['G'],[18],[87],[103230],[103752],"[103230, 103236, 103284, 103308, 103320, 103344, 103356, 103404, 103476, 103512, 103524, 103572, 103620, 103644, 103656, 103668, 103680, 103704]"
['G'],[4],[20],[105780],[105900],"[105780, 105798, 105840, 105846]"
['G'],[4],[14],[105924],[106008],"[105924, 105960, 105978, 105996]"
['G'],[4],[8],[106044],[106092],"[106044, 106056, 106062, 106068]"
['G'],[4],[6],[106104],[106140],"[106104, 106116, 106122, 106134]"
['G'],[4],[16],[106164],[106260],"[106164, 106176, 106200, 106224]"
['G'],[4],[16],[106272],[106368],"[106272, 106278, 106308, 106356]"
['G'],[4],[13],[106392],[106470],"[106392, 106398, 106416, 106422]"
['C'],[4],[9],[107232],[107286],"[107232, 107262, 107268, 107280]"
['A'],[5],[7],[108018],[108060],"[108018, 108024, 108030, 108036, 108048]"
['C'],[4],[13],[108216],[108294],"[108216, 108222, 108276, 108288]"
['C'],[4],[5],[112428],[112458],"[112428, 112434, 112440, 112452]"
['A'],[4],[6],[113154],[113190],"[113154, 113160, 113166, 113178]"
['T'],[4],[7],[119808],[119850],"[119808, 119820, 119826, 119832]"
['G'],[19],[108],[129276],[129924],"[129276, 129288, 129294, 129306, 129336, 129372, 129384, 129396, 129408, 129456, 129516, 129552, 129576, 129588, 129624, 129720, 129756, 129888, 129900]"
['G'],[4],[50],[129984],[130284],"[129984, 130134, 130182, 130242]"
['G'],[4],[13],[131946],[132024],"[131946, 131988, 132000, 132006]"
['G'],[4],[8],[132036],[132084],"[132036, 132048, 132054, 132060]"
['G'],[4],[7],[132090],[132132],"[132090, 132096, 132102, 132114]"
['G'],[4],[9],[132348],[132402],"[132348, 132354, 132390, 132396]"
['G'],[4],[20],[132588],[132708],"[132588, 132600, 132606, 132672]"
['G'],[4],[8],[132720],[132768],"[132720, 132732, 132744, 132750]"
['G'],[4],[9],[132810],[132864],"[132810, 132828, 132840, 132852]"
['A'],[4],[6],[133872],[133908],"[133872, 133884, 133890, 133896]"
['C'],[4],[6],[133908],[133944],"[133908, 133914, 133920, 133932]"
['G'],[4],[9],[134718],[134772],"[134718, 134724, 134736, 134742]"
['C'],[4],[4],[134796],[134820],"[134796, 134802, 134808, 134814]"
['C'],[4],[16],[136356],[136452],"[136356, 136374, 136392, 136404]"
['C'],[4],[4],[138132],[138156],"[138132, 138138, 138144, 138150]"
['C'],[4],[5],[138600],[138630],"[138600, 138606, 138612, 138624]"
['C'],[4],[47],[139596],[139878],"[139596, 139602, 139620, 139872]"
['G'],[5],[11],[141714],[141780],"[141714, 141732, 141744, 141750, 141756]"
['G'],[4],[11],[141942],[142008],"[141942, 141972, 141984, 141996]"
['C'],[4],[7],[142296],[142338],"[142296, 142302, 142320, 142332]"
['C'],[4],[8],[142644],[142692],"[142644, 142650, 142668, 142680]"
['G'],[4],[9],[143094],[143148],"[143094, 143100, 143112, 143124]"
['G'],[5],[7],[143226],[143268],"[143226, 143232, 143244, 143250, 143256]"
['C'],[4],[10],[144132],[144192],"[144132, 144138, 144156, 144180]"
['C'],[5],[14],[145176],[145260],"[145176, 145182, 145200, 145212, 145248]"
['G'],[4],[15],[145686],[145776],"[145686, 145710, 145740, 145764]"
['C'],[4],[16],[150810],[150906],"[150810, 150876, 150888, 150900]"
['C'],[5],[13],[151800],[151878],"[151800, 151806, 151848, 151860, 151872]"
['A'],[4],[7],[153246],[153288],"[153246, 153264, 153270, 153276]"
['G'],[4],[17],[153366],[153468],"[153366, 153372, 153408, 153450]"
['G'],[4],[27],[153486],[153648],"[153486, 153492, 153498, 153528]"
['A'],[4],[7],[157794],[157836],"[157794, 157812, 157824, 157830]"
['C'],[4],[7],[162396],[162438],"[162396, 162402, 162408, 162420]"
['T'],[4],[12],[169188],[169260],"[169188, 169200, 169224, 169236]"
['G'],[5],[7],[172590],[172632],"[172590, 172596, 172602, 172608, 172620]"
['G'],[5],[17],[179478],[179580],"[179478, 179532, 179544, 179556, 179568]"
['C'],[5],[17],[189816],[189918],"[189816, 189822, 189888, 189900, 189912]"
['C'],[4],[6],[191808],[191844],"[191808, 191814, 191820, 191832]"
['C'],[4],[5],[194472],[194502],"[194472, 194478, 194484, 194496]"
['C'],[5],[12],[194616],[194688],"[194616, 194622, 194640, 194652, 194664]"
['C'],[4],[10],[200928],[200988],"[200928, 200940, 200946, 200952]"
['G'],[4],[8],[202266],[202314],"[202266, 202272, 202296, 202308]"
['G'],[4],[7],[203934],[203976],"[203934, 203952, 203964, 203970]"
['C'],[4],[4],[204882],[204906],"[204882, 204888, 204894, 204900]"
['G'],[4],[19],[209274],[209388],"[209274, 209328, 209334, 209376]"
['G'],[4],[33],[209850],[210048],"[209850, 210012, 210024, 210036]"
['T'],[4],[7],[215892],[215934],"[215892, 215904, 215916, 215928]"
['C'],[4],[7],[220692],[220734],"[220692, 220698, 220716, 220728]"
['A'],[4],[8],[227508],[227556],"[227508, 227520, 227532, 227544]"
['C'],[4],[12],[232590],[232662],"[232590, 232632, 232644, 232656]"
['C'],[4],[26],[236556],[236712],"[236556, 236562, 236592, 236700]"
['G'],[4],[8],[237156],[237204],"[237156, 237162, 237180, 237192]"
['G'],[5],[13],[237474],[237552],"[237474, 237492, 237504, 237510, 237540]"
['G'],[4],[9],[237558],[237612],"[237558, 237576, 237594, 237600]"
['G'],[4],[9],[238746],[238800],"[238746, 238764, 238776, 238788]"
['C'],[4],[4],[240420],[240444],"[240420, 240426, 240432, 240438]"
['C'],[4],[9],[240462],[240516],"[240462, 240468, 240492, 240504]"
['A'],[4],[11],[240774],[240840],"[240774, 240792, 240804, 240828]"
['C'],[4],[15],[240852],[240942],"[240852, 240858, 240924, 240936]"
['C'],[4],[4],[244554],[244578],"[244554, 244560, 244566, 244572]"
['C'],[4],[5],[244932],[244962],"[244932, 244938, 244944, 244956]"
['C'],[4],[6],[246360],[246396],"[246360, 246366, 246372, 246384]"
['T'],[4],[7],[249030],[249072],"[249030, 249036, 249048, 249060]"
['C'],[4],[8],[251298],[251346],"[251298, 251316, 251328, 251340]"
['T'],[4],[9],[254382],[254436],"[254382, 254388, 254400, 254412]"
['T'],[4],[10],[254508],[254568],"[254508, 254514, 254520, 254556]"
['G'],[4],[17],[258018],[258120],"[258018, 258048, 258084, 258108]"
['A'],[4],[6],[258678],[258714],"[258678, 258684, 258696, 258708]"
['C'],[4],[4],[262056],[262080],"[262056, 262062, 262068, 262074]"
['G'],[4],[7],[263250],[263292],"[263250, 263256, 263268, 263280]"
['C'],[5],[12],[267348],[267420],"[267348, 267360, 267384, 267396, 267408]"
['C'],[5],[9],[269982],[270036],"[269982, 269988, 270000, 270012, 270024]"
['C'],[4],[8],[270396],[270444],"[270396, 270408, 270420, 270432]"
['C'],[4],[12],[271920],[271992],"[271920, 271926, 271944, 271968]"
['A'],[4],[17],[272574],[272676],"[272574, 272592, 272604, 272616]"
['A'],[5],[9],[272826],[272880],"[272826, 272832, 272844, 272856, 272868]"
['C'],[4],[5],[273528],[273558],"[273528, 273534, 273540, 273552]"
['A'],[4],[6],[274734],[274770],"[274734, 274740, 274752, 274764]"
['G'],[5],[31],[278454],[278640],"[278454, 278472, 278490, 278628, 278634]"
['G'],[4],[7],[283998],[284040],"[283998, 284016, 284028, 284034]"
['C'],[4],[8],[288144],[288192],"[288144, 288150, 288168, 288180]"
['C'],[4],[15],[291012],[291102],"[291012, 291018, 291072, 291096]"
['A'],[7],[15],[291678],[291768],"[291678, 291708, 291714, 291720, 291738, 291744, 291750]"
['C'],[4],[6],[292506],[292542],"[292506, 292512, 292524, 292536]"
['C'],[4],[6],[295926],[295962],"[295926, 295932, 295944, 295956]"
['C'],[4],[7],[297612],[297654],"[297612, 297624, 297636, 297648]"
['C'],[5],[10],[298608],[298668],"[298608, 298614, 298632, 298644, 298656]"
['C'],[4],[6],[301032],[301068],"[301032, 301038, 301044, 301056]"
['C'],[4],[5],[312144],[312174],"[312144, 312150, 312156, 312168]"
['C'],[4],[6],[313860],[313896],"[313860, 313866, 313872, 313884]"
['G'],[19],[103],[314886],[315504],"[314886, 314916, 314922, 314934, 314940, 314952, 315012, 315024, 315060, 315096, 315108, 315120, 315180, 315204, 315264, 315288, 315324, 315336, 315348]"
['C'],[5],[12],[321540],[321612],"[321540, 321546, 321552, 321564, 321588]"
['C'],[4],[20],[321648],[321768],"[321648, 321654, 321696, 321708]"
['C'],[5],[10],[322620],[322680],"[322620, 322632, 322644, 322656, 322668]"
['G'],[5],[9],[323226],[323280],"[323226, 323244, 323250, 323256, 323268]"
['C'],[4],[18],[330918],[331026],"[330918, 330924, 330930, 331020]"
['G'],[4],[80],[331212],[331692],"[331212, 331248, 331560, 331632]"
